word, value
reviewing,1.0
peter,1.0
decoupled,1.0
non-existing,1.0
hang,1.0
array,1.0
portbinding,0.9879782795906067
1227473,0.9778891801834106
cuts,0.9736350774765015
obviously,0.9513718962669373
v2.1/v3,0.9393275082111359
overriding,0.920345813035965
transition,0.9131251176198324
safe,0.8829382359981537
netns,0.8793312112490336
designed,0.8702273666858673
pretty,0.8641712367534637
stuff,0.8558644354343414
stores,0.85487167040507
openstack-common.conf,0.8237288892269135
treat,0.8176237344741821
flavors,0.8139075636863708
bandwidth,0.8028495907783508
backward,0.7963827649752299
leaving,0.7905516411576953
reject,0.7832163572311401
ratelimits,0.7808971107006073
irrelevant,0.7710226774215698
source,0.76636542485406
several,0.7648220527917147
locals,0.75
latest,0.748300464139902
credentials,0.7471413314342499
docstring,0.7415908819530159
reviewer,0.7370281517505646
idiom,0.7183796018362045
temp,0.7174957990646362
failures,0.707116785645485
workflow,0.7059771567583084
exception.py,0.698765218257904
implement,0.6851148539533217
utils.loopingcall,0.6782529950141907
handler,0.6766575338939825
word,0.675993338227272
course,0.6733119779576858
sends,0.6729367822408676
somehow,0.6695383290449778
hint,0.6666666666666666
externed,0.6666666666666666
auth,0.6655307784676552
comparing,0.6544916331768036
tree,0.6523334085941315
fact,0.649329144126651
securitygroupsoutputtest,0.6483439654111862
arg,0.6472365409135818
managed,0.6467058956623077
vmware,0.6441153309618434
tracker,0.6431055466334025
close-bug,0.637833833694458
mount.nfs,0.6375453025102615
identifier,0.6333198149998983
max,0.6327343136072159
decorator,0.6295472200100238
dom0,0.6271757508317629
normal,0.6266349226236343
httpnotfound,0.62632255256176
differences,0.6222826838493347
privilege,0.6211323142051697
on/off,0.6156330704689026
certain,0.614153653383255
neutron,0.611546789140751
glance/notifier/notify_kombu,0.6099033504724503
loads,0.6040441691875458
persistence,0.6012885868549347
pagination,0.6004411208753785
uuidutils,0.5982627719640732
tuple,0.5980797559022903
require,0.5926269188523292
ip,0.5822486575066145
mlnxexception,0.5821803510189056
callers,0.5792297720909119
myself,0.5778013169765472
test_db_api,0.5768338143825531
almost,0.5741146430373192
approved,0.5714195569356283
switches,0.5640262365341187
aggregate,0.5639189690351486
disabling,0.5595447003841401
pool_id,0.5578928515315056
rootwrap,0.555337463816007
lun,0.5538035482168198
zhi,0.5502011080582937
dealing,0.5483737960457802
v2.0,0.5473844607671102
resolves,0.5466116368770599
compare,0.5418079178780317
commits,0.5399540364742279
information,0.5394191535125519
references,0.5389244258403778
counting,0.5381180892388026
bigswitch,0.5374923416723808
fixed_ips,0.5352253615856171
networks_associate,0.5323374420404434
deps,0.5303038607041041
docstrings,0.530013345181942
accept-language,0.5281747132539749
codes,0.5242922194302082
interest,0.5219964683055878
given,0.520609150826931
edd73c9,0.5202350355684757
specs,0.5196745495001475
hacking.py,0.5184606984257698
threat,0.5175775941461325
domain,0.5124923868570477
content-md5,0.5108385225757957
namespaces,0.5083756055682898
'deleted,0.5081761851906776
network_driver,0.5059839710593224
entries,0.5025910004973412
tempurls,0.5009775984411439
vars,0.5
clean-up,0.5
s3_listen_port,0.5
975483,0.5
mirroring,0.5
testcase,0.5
utilizes,0.5
aimed,0.5
get_ec2_metadata,0.5
'itemnotfound,0.5
update_floatingip_statuses,0.5
exposing,0.4998037616411845
authmiddleware,0.4993590712547302
uc,0.4980986416339874
nova.tests.compute.test_compute.computetestcase.test_state_revert,0.49641840159893036
nova-v2-api-audit,0.4927409589290619
disable-server-extensions,0.4925314436356227
respectively,0.49201567471027374
automatic,0.4900740186373393
involved,0.4899028390645981
upload,0.4884282513098283
redhat.com,0.48700117667516074
accept,0.4867663346230984
image_id,0.48596929758787155
upgrading,0.4833199878533681
type,0.4826699766745864
capture,0.47667549923062325
'location,0.47614036628510803
encrypt,0.4735785946249962
stropt,0.4728616923093796
support,0.4718187564888792
calculate,0.47121067345142365
nicer,0.4693358987569809
nova/virt,0.46562663714090985
bad,0.46171417087316513
image_properties,0.4593483805656433
restproxy-plugin,0.4593367259949446
'system_metadata,0.45924923568964005
appropriately,0.45790570229291916
disk_bus,0.45680559054017067
faster,0.45446551591157913
parameters,0.4543851225171238
consistently,0.4542496632784605
cn.ibm.com,0.446535836905241
apis,0.4446924775838852
canonical.com,0.4422853061308463
neutron-tempest-parallel,0.44214004278182983
make-string-localizable,0.4411282539367676
compute/api,0.4409133568406105
'nullable,0.4396963119506836
ut,0.4396555150548617
mounts,0.4382771948973338
n1kv,0.4378866639453918
primitive,0.4363064430654049
notimplementederror,0.43508121371269226
proceeding,0.4343690425157547
float,0.43387815402820706
protected,0.4335042101641496
flag,0.4333782996982336
slow,0.4309661388397217
pylint,0.43059293925762177
helps,0.43031223793514073
devstack,0.42995725269429386
marked,0.4284667285780112
admins,0.4271071255207062
nbd,0.42706452682614326
isolated,0.426727969199419
logged,0.4256519531974426
rows,0.4245081368301596
live_snapshot,0.4243164733052254
api-2,0.42125821113586426
purely,0.4205246940255165
unittests,0.4189392179250717
proper,0.4181844502953546
1.4.6,0.4177267849445343
custom,0.41702867216534084
deployment,0.4163671334584554
retries,0.4097226932644844
tool,0.40784570574760437
themselves,0.40720733006795246
prefix,0.4047750551253557
glance-manage,0.4040696620941162
remain,0.4023617282509804
openstack-common,0.40209120054813946
missed,0.40194863034412265
compute_api,0.4002123810350895
place,0.3993739922427469
twisted,0.39836205542087555
originally,0.3974907696247101
cross,0.39569269120693207
hack,0.3948999546468258
impl,0.3947918266057968
transport_url,0.39365276337290805
'id,0.392949391156435
processing,0.3925945485631625
steve,0.39069029688835144
securityimpact,0.39052121341228485
ibm,0.38969031535089016
prefixes,0.3885718435049057
floating_ips,0.3880627155303955
assumption,0.3878036066889763
mean,0.3870525062084198
ones,0.3855985200830868
performed,0.3845356944948435
accordingly,0.38386627410848934
becomes,0.3832702711224556
internal-uuids,0.38304786880811054
registers,0.3819208840529124
remove_fixed_ip,0.3791046341260274
1006467,0.37734872102737427
remove_volume_connection,0.375800222158432
config_drive,0.37528087695439655
flat,0.37399100344628095
looks,0.3738499581813812
part2,0.3737765997648239
kowalik,0.37362077832221985
part,0.37334342282265426
postgresql,0.3730917613953352
db-session-cleanup,0.37303732335567474
preparation,0.3729998767375946
security-groups,0.3719836696982384
enumerator,0.3719667959958315
vbd,0.37018290162086487
negative,0.3690752585728963
unneeded,0.3687156915664673
builtin,0.368558332324028
reconnect,0.36829131344954175
soft,0.36757667642086744
dhcp_domain,0.36721106618642807
prior,0.3671172655054501
takes,0.3663324903358113
5000,0.36616142094135284
written,0.36506003394190756
user-locale-api,0.36505502462387085
multiple,0.3642480981349945
record,0.36376992816274817
work,0.36312451936078793
libvirt-xml-config-apis,0.3628115803003311
libvirt-opts-group,0.3628019094467163
sm_backend_conf_get_by_sr,0.36180660128593445
detail,0.36112496194740135
cleaned,0.3610326945781708
optimization,0.36055411646763486
net,0.3597564846277237
vendors,0.3591544106602669
reported,0.35898082703351974
apache,0.35762979090213776
jobs,0.3559662103652954
template,0.3547823892699348
implementing,0.3546469993889332
unified-object-model,0.3539024979496996
statistics,0.3535170555114746
correct,0.35328735347305024
wmi,0.352808157602946
from,0.35219480103542616
castascall,0.35100485384464264
co-authored-by,0.3508033997246197
checksum,0.34770512767136097
attaches,0.3453037366271019
flavornotfound,0.34508392214775085
reservations,0.3443196912606557
attempting,0.3440204014380773
diskconfig,0.343789193003128
service,0.3436444254044224
before,0.3433609142508588
risk,0.3417065441608429
never,0.3414565559476614
mech,0.3409707248210907
cases,0.34085792978294194
1174809,0.34066104888916016
caching,0.3393436074256897
anymore,0.33892451599240303
nova/utils,0.3382459282875061
i3424d0a401b3ef7a3254d3e913263554361a52ff,0.3375677764415741
anywhere,0.337423175573349
allocated,0.33739172108471394
casing,0.337015266995877
owner,0.3368365714947383
v3,0.3365718270651996
greenthread.sleep,0.33649004250764847
_check_instance_build_time,0.3342868387699127
chain,0.3342212066054344
:,0.3335273727428585
hoststate,0.3324217200279236
_commit_puts,0.33167606592178345
term,0.3316382169723511
greenthread,0.3312646994988124
basic,0.331043004989624
queries,0.33070641434328124
unlimited,0.32970087230205536
service_update,0.32835211356480914
bits,0.3283508587628603
add/remove,0.32806849479675293
unless,0.32801827953921425
limits,0.32733223363757136
writing,0.32730673626065254
your,0.326871448662132
displayed,0.3265414834022522
merged,0.3261359119787812
glusterfs,0.3257013186812401
tempauth,0.32516488432884216
'__mro__,0.32432809472084045
improvement,0.32431425154209137
accessible,0.32356570288538933
gmail.com,0.3233986248572667
mostly,0.32294178009033203
chuck.short,0.32280540466308594
containers,0.32199479391177493
occassions,0.32197943329811096
nova-network-objects,0.3217824387053649
correlate,0.32121598720550537
209,0.320913868645827
inside,0.3190798709789912
settle,0.3187988558784127
writes,0.3179124209564179
registry,0.3176608585885593
accepted,0.3162405341863632
tgt-admin,0.3159250070651372
where,0.31577559518020437
url,0.3156415679706977
filed,0.3155285492539406
marker,0.3148562768474221
define,0.31376435110966366
negligible,0.3136351704597473
namespace,0.3115958543494344
attempted,0.31122914254665374
comments,0.3106655697338283
module,0.3102889336699333
expected,0.3101492624443311
nova.utils,0.3100959789007902
them,0.3098697004218896
2.6,0.30915845930576324
hook,0.30849551856517793
int,0.30847984552383423
self._set_instance_error_state,0.3063833713531494
middleware,0.30626513876698236
lvmiserdriver,0.30598729848861694
storage-policies,0.3047996684908867
needed,0.30468916304409505
talk,0.3041863789161046
sql,0.3041287176311016
flow,0.30373143156369525
cooperativereader,0.3033663034439087
speedup,0.3033108413219452
truncated,0.3031252895792325
introducing,0.3029055595397949
lockfile,0.30262554436922073
changes,0.30254292941611743
standard,0.3020723834633827
conflict,0.3013586855183045
build_and_run_instance,0.30078309774398804
v3-api-schema,0.30066269636154175
larger,0.30011919513344765
backed,0.29951930542786914
depend,0.29926827922463417
unix_sockets,0.2988281548023224
downgrade,0.29832751100713556
zero,0.2976899426430464
usages,0.29680752009153366
framework,0.296505780890584
exceeded,0.29514650627970695
another,0.29444746259186005
xmlrpclib,0.29429930448532104
'create_volume,0.2939817011356354
utils,0.2936274686944671
checked,0.29308370128273964
accounts,0.2927364557981491
helpers,0.29270850121974945
restricted,0.29270343482494354
search,0.2925267117097974
up,0.2924565052547093
cert,0.29123058915138245
fake_api_client,0.28981288988143206
compute-api-objects,0.28978151082992554
things,0.28948090367181145
all,0.28871206062052535
dict,0.28798356531532826
one,0.28698196543020105
there,0.2864417858654633
nodbtestcase,0.285989873111248
expires,0.28524646535515785
bindings,0.28503831118966144
instance_id,0.2831588809688886
invalid,0.28274879625274074
|,0.28189931623637676
command,0.28186034279254574
simplejson,0.28106662444770336
indentation,0.2796446681022644
security_groups,0.27945590764284134
2012,0.2792699920634429
stubs,0.27895747994383174
non-primitive,0.27861639857292175
saved,0.2784751635044813
expiration,0.2778431475162506
complicated,0.2770263155301412
dumb,0.27628479711711407
m1.tiny,0.2761528491973877
wedontsleep.org,0.2761228233575821
12,0.27610430121421814
elevated,0.2757178122798602
exercise,0.2756582424044609
generate,0.2751694026270083
must,0.2747173583643003
possible,0.2744829363443635
driver.py,0.2737802043557167
hp,0.2735193118453026
assertequal,0.2724644737318158
cinder.flags,0.27177276276052
cacheconcurrencytestcase,0.27155954390764236
refresh,0.271479109625539
replace,0.27138023000831407
finish_resize,0.2712225119272868
house,0.2708616927266121
snapshot_metadata,0.27077099680900574
addition,0.2706747000794048
ml2,0.2700982519891113
apply,0.2699868492782116
seeing,0.2695898786187172
're,0.26881616427139804
8,0.26852235943078995
complex,0.26791638135910034
filtering,0.2668796586804092
request,0.2667023380877586
image_create,0.26653510332107544
uploading,0.26649321988224983
teardown,0.2661607662836711
tmpdir,0.2658841386437416
ensure,0.26568673846555785
expect,0.2653968881815672
variables,0.2651043598140989
pool,0.2647071611136198
_create_volume,0.26453160494565964
results,0.2642152366228402
forgotten,0.2639908269047737
manifest,0.2638319104909897
filtered,0.26377231379350025
redundant,0.2637653946876526
is_image_sharable,0.26349660009145737
valinux.co.jp,0.26295922696590424
us,0.2626723828911781
args,0.2623985052108765
/clock,0.2622668743133545
recreated,0.261744757493337
related,0.26132189053887006
isaku,0.26122015714645386
serialized,0.2611468434333801
instance,0.26039058647768426
expand,0.2603526711463928
less,0.2602398030459881
overall,0.25967482291162014
confusion,0.25904979308446247
sensible,0.25880518555641174
fail,0.2586316680235247
hacking,0.25847346186637876
computenode,0.258393054207166
e125,0.25828856229782104
distinguish,0.2580559775233269
resize/migrate,0.257708415389061
ignoring,0.2574586868286133
times,0.25717686861753464
bigger,0.25707772374153137
modification,0.2564626435438792
embrane,0.2556375443935394
script,0.25543922416511033
unix,0.25526594929397106
protection,0.2550104409456253
directly,0.25489544915035367
v3-api-specification,0.25479226497312385
every,0.25454534984686794
wsgi,0.2545141950249672
rebuild,0.2543245593085885
filter,0.25389293681031894
missing,0.2533735937606066
_wait_for_destroy,0.2530907004450758
escalation,0.25301994755864143
gone,0.25195594628651935
ported,0.25140665223201114
agents,0.2512273132801056
whose,0.2510609030723572
sql_connection,0.2507141522752742
mock,0.2506761223077774
>,0.2505577950979824
backup,0.25043942788172335
preserved,0.24991530179977417
netapp,0.24980846047401428
goes,0.24953303346410394
automatically,0.24944353802129626
400,0.24938764902097837
image_pending_upload,0.24880466051399708
__table_args__,0.2484489232301712
memcache,0.24799023568630219
query,0.2475980840574362
shown,0.24753504991531372
lifetime,0.24700294931729636
probably,0.24649712350219488
properties,0.24610535417579943
attributes,0.24584949007424126
v3-api-extension-versioning,0.24520969949662685
are,0.24511697413185654
each,0.24484030459076167
quotas,0.24451359113057455
side,0.2443835453854667
readonly,0.24400400323793292
needs,0.24386502893898507
cli,0.24303523302078248
dhcp,0.2424676876603248
pv,0.24225364749630293
statements,0.24199321446940303
constant,0.24197174608707428
affinity,0.24100185185670853
assumed,0.23950552195310593
be,0.23903730079839877
ring,0.238753804564476
get_container_info,0.23855817725416273
calculation,0.2383251115679741
thread,0.23780225382910836
nova-v3-api,0.23737561702728271
partial,0.23655541613698006
existence,0.23564978569213832
ready,0.23560719192028046
once,0.23547563515603542
hide,0.23525499552488327
unicode,0.23499378613713715
during,0.2349545537044519
favor,0.2347134705632925
against,0.23424890218302608
virtualenv,0.23400361090898514
field,0.23369481254901206
breaks,0.23354649916291237
separated,0.23341910168528557
tolerate,0.2333037555217743
administrative,0.23247710429131985
among,0.23185206949710846
notify,0.23148861030737558
permission,0.23134801723062992
responses,0.23131052094201246
determine,0.23103245627135038
gives,0.23072711750864983
register,0.23053889142142403
clause,0.2301453873515129
implements,0.22968722312216414
rejecting,0.2291417419910431
configuring,0.22901405890782675
meant,0.2285974258556962
problems,0.22841814458370208
fkey,0.22816481813788414
imported,0.22804985741774242
coalesce,0.22780129313468933
schedule,0.22751043364405632
whereas,0.22716381152470908
consistency,0.2271324023604393
executing,0.22690728306770325
test_libvirt.py,0.22673968970775604
migrated,0.22652824968099594
balancing,0.22649404406547546
project_id,0.22571708687714168
validates,0.22571305682261786
ec2credentials,0.22566188871860504
intended,0.2254973699649175
inst_type,0.22519798576831818
kern.log,0.22497777392466864
operation,0.22494267850098285
project,0.22452551797032355
uris,0.22440886497497559
selection,0.22440009533117214
blueprint,0.22409772847337167
bypass,0.22402698472142218
attached,0.22376764577960498
go,0.22363003140146082
pylint-based,0.22362161614000797
loop,0.2233977921617528
inconsistent,0.22301478683948517
db/sqlalchemy,0.22299696505069733
think,0.22293777391314507
captured,0.22244220972061157
class,0.22197945315677386
store.add,0.22152257710695267
'available,0.2211441695690155
construct,0.22102848440408707
regardless,0.22086198325268924
spice,0.2205605919007212
forever,0.22018921375274658
location,0.22005375660955906
pypy,0.21968652307987213
==,0.21954198367893696
gating,0.2193045119444529
supports,0.21917634665527763
right,0.2185908483962218
nexenta,0.2184101939201355
keystone,0.2179972343146801
glance_test_tmp_dir,0.2175073865801096
sysloghandler,0.21746176108717918
_modify_rules,0.2167695015668869
authenticated,0.2165352925658226
assertions,0.21647261083126068
testclient,0.215667724609375
vpn,0.2154223918914795
throughout,0.21542060375213623
singleton,0.21527309902012348
severity,0.21491029299795628
performance,0.2148327078404171
vmware-spawn-refactor,0.21466220170259476
called,0.214287734968034
ever,0.21402543038129807
seconds,0.21371930566701022
installations,0.21321286261081696
servers,0.21300616062332042
genisoimage,0.21276211738586426
storwize/svc,0.21270749997347593
referenced,0.21254033098618189
size,0.21210068021098089
occur,0.2117643268270926
datetimes,0.21166611090302467
argparse-in-swift-ring-builder,0.21147319674491882
network_get,0.21145680050055185
troubleshooting,0.2111319713294506
$,0.2109640850440452
aliases,0.21069162338972092
therefore,0.21046503838927796
uses,0.21040300018369004
attempt,0.21030458435416222
to_add,0.21026629209518433
use-oslo-services,0.20956990495324135
look,0.20952246255344814
valid,0.20951203658030584
gige,0.2090100347995758
towards,0.2089697327464819
explicit,0.20891035674139857
virtapi,0.20846228549877802
amount,0.20801437832415104
\r,0.20797103643417358
special,0.20785416290163994
accessed,0.20781123340129853
vbds,0.20780183499058089
latter,0.207798033952713
nova.conf,0.2061817447344462
019,0.20566659420728683
sgh,0.20551501214504242
'll,0.20548254120512865
sheepdog,0.20541075617074966
stopped,0.2049830537289381
uploads,0.20482729375362396
reproduce,0.20463170111179352
received,0.20428578555583954
'secret,0.20420141518115997
file,0.2041052770665259
option,0.2040542809522481
indexes,0.20393548160791397
bigswitch/restproxy,0.20381364226341248
abstraction,0.20355235040187836
run_tests.sh,0.20333926876386008
swap_volume,0.2032632753252983
raw,0.20316728379796534
security_group_rule_get_by_security_group,0.20308387279510498
drivers,0.20304334111129627
best,0.20260055512189865
wrong,0.2021721890842956
hard_reboot,0.20183606445789337
swift-tenant-specific-storage,0.20175892114639282
translates,0.2011519819498062
warnings,0.20077626158793768
specific,0.2005330060741731
store,0.2004017873134996
hyperv,0.20006964728236198
inherit,0.19997000694274902
'message,0.19967879205942154
useful,0.19939909773794087
checks,0.19925235725487722
alternatively,0.19919414818286896
stub,0.1990639977157116
throughput,0.19864650070667267
bugs,0.19823294365778565
's,0.19798091603418125
hold,0.1979644689708948
gridfs,0.19787823568497384
healthmonitor,0.19764101256926855
step,0.19759082049131393
put,0.19757011383771897
stub_network,0.19731901586055756
osapi_compute_extension,0.19723275117576122
network_api,0.19720192750295004
database,0.19714210749241626
in,0.19712317067315357
routes,0.1969563476741314
cores,0.19659996032714844
test_kombu,0.19647593796253204
post_live_migration_at_destination,0.1963107387224833
specify,0.19625043351617125
action,0.19570227100824317
passes,0.19517672061920166
deprecate,0.1950776632875204
mapper,0.19501311518251896
vms,0.19496942582455548
previously,0.19496151130518008
occurred,0.1947501301765442
db_replicator.py,0.19467110803816468
sync,0.19446052875565856
program,0.19437439739704132
preserve,0.19436593229571977
quickly,0.19431191682815552
control,0.19409523265702383
consoles,0.1940898427274078
formpost,0.1938864603638649
requires,0.19330269700059524
want_objects,0.1932264817878604
waits,0.19303205609321594
locks,0.19271769126256308
resetswift,0.19200311104456583
instancelist,0.19167456217110157
join,0.1915813386440277
bp,0.19119887028892452
vip,0.19080563882986704
sigterm,0.19077151268720627
1.x,0.19072880489485605
honor,0.19059299429257712
move,0.1901623619317737
too,0.18991074020103102
properly,0.18980884272174012
notice,0.18974554538726807
these,0.18917783407960087
/tmp,0.18891075812280178
fixtures,0.18884439021348953
},0.1883696441849073
integer,0.18759433808736503
environment,0.18749801317850748
upon,0.18747076392173767
v3-api-unittests,0.18742706775665283
modify,0.18742706264310982
accessing,0.18733958713710308
four,0.18722044304013252
nec,0.18720441851764918
temporary,0.18713225005194545
nodes,0.1871314568977271
logic,0.18706396357821567
shows,0.1869981810450554
process,0.1867240963038057
maximum,0.18650320704494203
big,0.1864976454526186
may,0.18649708334770468
shadow,0.18619213439524174
behaves,0.18612998723983765
count,0.18570666313171386
criteria,0.18536551545063654
easily,0.18515936145558953
header,0.18511109721536437
threadgroup,0.18447587887446085
qpid,0.18435636907815933
extending,0.18423884210642427
confirm,0.18422439098358154
archiving,0.1840191911906004
connected,0.18392288126051426
review,0.18383196874388627
graphics,0.18322067288681865
parent,0.1825064867734909
algorithm,0.18236064538359642
potentially-unsafe,0.18235494196414948
image,0.18231543023725563
descriptions,0.1818619817495346
<,0.18160244555662522
its,0.18150121540762484
still,0.18147768990861046
follow,0.18129290966317058
sles,0.18068812787532806
root,0.180247839477558
powervm,0.180105488215174
scheduling,0.1799109846353531
configdrive,0.17967471480369568
v1,0.17817823009358513
d39137fa,0.17797973280539736
paramiko,0.17766876270373663
eg,0.17756572365760803
xenstore,0.17679181694984436
vif_driver,0.1767498254776001
user-supplied,0.17670173943042755
states,0.17609935626387596
dnsdomain,0.1757143884897232
yet,0.17561057142236017
handled,0.1754732389341701
more,0.17515756987540104
qemu-nbd,0.17508098483085632
+,0.1750255823135376
simplify,0.17478812485933304
eventlet,0.17478538155555726
os-tenant-name,0.17468994855880737
garbage,0.17465923354029655
bytes,0.17433365411125124
library,0.1743259236216545
initial,0.17424752137490682
moves,0.17396637114385763
rollback_live_migration_at_destination,0.17393458368314896
twice,0.17387298246224722
skipped,0.17368949055671692
boot,0.17354635047641667
executed,0.17324780559699451
care,0.17290085181593895
progress,0.1727503971196711
includes,0.1726339142769575
make,0.17259339592594625
else,0.17233809642493725
optional,0.17231654825017734
swift,0.17202773602569804
forbidden,0.1719659964243571
safely,0.17193467915058136
than,0.17181169044758593
tenant_id,0.17165317883094153
past,0.17130973003804684
amazon,0.17121678590774536
expects,0.17109409719705582
created,0.17092443376203023
positional,0.1706495862454176
separate,0.17057539449122391
efficient,0.17011307179927826
//,0.17001032503321767
mkfs,0.16958895251154898
undeletable,0.16925625503063202
copies,0.16917583644390105
schema,0.16910943471723133
kernel,0.1686273068189621
corrects,0.1682967022061348
now,0.16819251470570995
difficult,0.167988181191807
checks_instance_lock,0.16788771779586872
2.,0.16751537223656973
short,0.16746721682803972
as-is,0.16745871007442475
encrypt-cinder-volumes,0.16745387017726898
scrubber,0.16734439209103585
cell,0.16712159651797265
enabled,0.16703478890386494
novakeystonecontext,0.16698638163506985
complain,0.16643650829792023
drops,0.16611371003091335
classes,0.16581275733187795
intent,0.1657420148452123
represent,0.1656410147746404
account,0.16503044478595258
knowing,0.16479523479938507
vhd,0.16477679833769798
libvirt-spice,0.16466963291168213
extended,0.16461866659422716
made,0.16442718604230322
impl_qpid,0.16436067720254263
either,0.16412773604194322
locations,0.16372311860322952
v7000,0.16327180961767832
nova-manage,0.16321093123406172
cleanups,0.1631635782929758
cast,0.1623788820579648
api.py,0.1623001073797544
plugins,0.16201435532420874
partially-implements,0.1619724377989769
slave,0.16188250668346882
own,0.16175296381115914
router_id,0.16170327737927437
completing,0.1616314798593521
gets,0.1614798578521004
2.0,0.16143953303496042
former,0.16141454751292864
today,0.16116314008831978
me,0.16114997367064157
set_host_enabled,0.1609769413868586
take,0.16051985612139105
0.95,0.16032156348228455
override,0.16028720140457153
manner,0.16026140252749124
pbr,0.16018769890069962
dns,0.1598705992102623
adding,0.159290586789258
accounting,0.15902988612651825
sleep,0.1584529752532641
power_on_instance,0.15826686471700668
caused,0.15823660902678965
tell,0.15817115176469088
starting,0.15804889798164368
tools,0.15790680050849915
end,0.15783125082296984
cleared,0.15759040787816048
localconnector,0.15743524432182313
help,0.1571051153753485
script_name,0.15695582330226898
dictionaries,0.15682989979783693
along,0.1567328954831912
nfs,0.1562308798379758
to,0.1562030966837688
index,0.15608350400413787
logger,0.15590440943681946
capability,0.15590231958776712
json,0.15572180040180683
triggering,0.1556683654586474
accidentally,0.1554609810312589
conductor,0.15545791504995873
tracked,0.1553758829832077
listed,0.15518766765793165
patches,0.15516949320832887
terminateinstances,0.15508420020341873
swift.conf,0.15490831434726715
extends,0.15432386193424463
proceed,0.1541397695740064
ofagent,0.1541118621826172
python3,0.15406740674128136
forced,0.1540647049744924
simply,0.15405584168103006
s3_listen,0.15395599603652954
o_direct,0.1537845442071557
token,0.1537695474922657
routines,0.15371744334697723
stdout,0.15369197726249695
password,0.15358813293278217
enforce,0.1534739832083384
keep,0.15344961457885803
plumbing,0.15343062579631805
instancenotfound,0.15337468311190605
keyword,0.15314277820289135
update,0.15305024254749613
and,0.15304399340254468
flavor,0.15296606146372282
extension,0.1528785621741831
bit,0.15287808775901796
vcdriver,0.15252905587355295
db_sync,0.1524600565433502
dir,0.1522464300505817
no-db-compute,0.15209629200398922
import,0.15180725111242602
but,0.15121063977167765
members,0.15102916732430458
getting,0.15053149908781052
requirements,0.15051867812871933
notifications,0.1504658078058408
allocate_for_instance,0.15043173730373383
consequently,0.15041885897517204
anything,0.15030180290341377
development,0.15024802088737488
registered,0.150142174746309
revert,0.14988795588059084
notimplemented,0.1496886909008026
reset,0.14964361651800573
rather,0.14958595459095456
break,0.14949974697083235
toplevel,0.14928704500198364
authors,0.14926975965499878
redirect,0.1488767514626185
failure,0.14883106996098328
port_id,0.1486636847257614
protocol,0.14864930678159
libvirtbridgedriver,0.14855220913887024
configured,0.14842482807580382
since,0.1481143699670413
been,0.14805680184068287
high,0.1479027383029461
addressed,0.14775969088077545
dropped,0.14773763716220856
due,0.14718571988244852
instance_update,0.14715322852134705
annoying,0.1470736525952816
huawei,0.14705584198236465
were,0.1468278201064095
berrange,0.14659648458473384
appropriate,0.14651068399349848
through,0.14628678038716317
@,0.1460242029969339
health,0.14601633325219154
confused,0.14552046855290732
pass,0.14533307984834765
downloaded,0.14521354157477617
map,0.14512888342142105
str,0.14512700866907835
replaced,0.14496018132194877
kernels,0.14470630884170532
flavor-access,0.14455361291766167
migration,0.14452668586400924
flags,0.14384548428157964
subsequent,0.1438348392645518
onto,0.14377856464125216
removing,0.1436701884958893
deletes,0.14361864998936652
six,0.14357930421829224
413,0.14351627230644226
great,0.14334320525328317
duplicates,0.1433415487408638
unshelve_instance,0.14324583765119314
autodetect,0.14323504020770392
holding,0.1430793609470129
monitors,0.1430053450167179
unique,0.14300272081579482
llc,0.14287778735160828
backend,0.14268645390831425
networks,0.1424373093682031
fast,0.14226897060871124
running,0.14222565444404298
computefilter,0.14195246750023216
deleted,0.1419462115018371
value,0.1416953865111628
responsible,0.14162341753641763
language,0.14145958423614502
context,0.1413563810484974
dependency,0.14135585948824883
pull,0.14119628397747874
proxy/test_server.py,0.14108911715447903
pick,0.1410554051399231
test_get_dss_rp,0.14102599676698446
import_opt,0.14093258529901503
compliance,0.14067524671554565
floatingip,0.14030621449152628
'\n,0.14024263620376587
/,0.14023319482803345
linux,0.14018151350319386
contained,0.1401631236076355
membership,0.1400233507156372
did,0.13983177637745595
loses,0.139650397002697
ssl,0.13953235174218814
said,0.13939080635706583
why,0.13931154599413276
specified,0.1386413463361321
strings,0.13863261664907137
safer,0.1385759934782982
limited,0.1384869933128357
lookup,0.1384454131126404
requests,0.13829114010300617
add,0.1382381876118405
segment,0.13823800161480904
attacks,0.13797684013843536
domu,0.13793101161718369
has,0.13783141293418433
finding,0.13779217936098576
domains,0.13759756460785866
func,0.13736377656459808
being,0.13731555640974658
records,0.13723944160155951
bumps,0.13685482740402222
cause,0.13678307505324483
-d,0.1367260441184044
named,0.13664855973588097
trouble,0.13649091124534607
converts,0.13643403514288366
duplicate,0.13626971554297668
what,0.13603143179789184
lot,0.13587319354216257
ci,0.13587125452856222
deprecated,0.13559269690481218
additional,0.13521323050372303
neutron-ns-metadata-proxy,0.13520704209804535
scheduled,0.135103148718675
content-length,0.13497417313711985
wrapping,0.13479219377040863
necessary,0.13476535813374954
extend,0.1344351520140966
had,0.1341681479680119
access_ip_*,0.13410562789067626
uri,0.13392986046771208
modules,0.13375878175720574
retry-after,0.13374914477268854
_shutdown,0.1333879828453064
separately,0.1331510841846466
xenapinfs,0.13290832936763763
invoked,0.13281356990337373
however,0.13278640450669393
little,0.1326903197914362
usually,0.13257777988910674
content-type,0.13244361877441407
changing,0.13243867581089339
we,0.13220937080900672
moving,0.1320841059088707
30,0.13190989196300507
install_requires,0.13186880573630333
projects,0.13163791387341917
much,0.13162652713557085
further,0.13159559087620842
doc,0.1314932696521282
according,0.1313940475229174
test_v1_api,0.13132683436075845
xenapi,0.13114070428944216
trying,0.13105102055347884
modifications,0.1310310810804367
compute/manager,0.13092618063092232
return,0.13052004252217317
404,0.13048378145322204
first,0.13036666141870695
admin_actions,0.13005542755126953
functionality,0.12999500397592784
converting,0.12990507448557764
hints,0.12967262292901674
buffer,0.12965670228004456
resource,0.12953989657883844
start,0.1295313747599721
calling,0.1294739017529147
extra,0.12942801939234846
fetch,0.12942576727696828
not,0.12931864578737864
deployers,0.129182618111372
{,0.1291477763094008
mark,0.12894359827041627
this,0.12847828195806968
etc/quantum/rootwrap.d,0.12846209108829498
change-id,0.12844053597897495
tables,0.12839782890579146
remains,0.12821312015876174
oslo,0.12817946457653306
keeping,0.12816980791588625
driverblockdevice,0.12806882336735725
release,0.12800295669585465
definitions,0.1278340220451355
deprecation,0.12761460031781877
single,0.12721016754706702
track,0.1271928665228188
factor,0.12700275828440985
load,0.12698357771424687
collectors,0.1269364207983017
referring,0.12691660225391388
provisioning,0.12688021858533224
secondly,0.12680068612098694
seemed,0.12644748948514462
agent,0.1264414585640897
immediately,0.12641877215355635
f,0.12631303630769253
types,0.12600705143995583
ie,0.1259559839963913
group,0.12593857446805604
anyway,0.12589489296078682
bridge,0.12570929192006589
document,0.12548532088597616
call,0.1254177047875211
-f,0.12532594799995422
intopt,0.1251511126756668
haproxy,0.1251378357410431
errors,0.12493007848970591
stuck,0.12491125896728288
at,0.12483123071528003
appear,0.12476666085422039
allowing,0.1246789013966918
block,0.12455345123695831
full,0.12452879846096039
resetting,0.12434419244527817
actually,0.12432526938175935
generic,0.12427964583039283
removal,0.12427075060882739
translated,0.1236845018574968
race,0.12368111643526289
would,0.12364807585028316
table,0.12340577262244662
secret,0.12315364678700765
',0.1230733893681815
opposed,0.12279557483270764
affected,0.1226497267683347
'filter,0.12256932258605957
encountered,0.12247475236654282
empty,0.12242189737466666
throw,0.12240336555987597
sqlite,0.12235979097230094
log,0.12201034694444388
incompatible,0.12178102135658264
tox,0.12161132106557489
bump,0.12157585620880126
keypair,0.12157074920833111
vm_mode,0.1214949544519186
large,0.12138705897248453
stored,0.12131826890011628
putting,0.12126718461513519
extra_specs,0.12125938385725021
maximum_instance_delete_attempts,0.12124710530042648
data,0.1212153730299085
local,0.12109175701202317
without,0.12073261994454595
iqn,0.12045825396974881
thus,0.12042887473944575
older,0.12036003358662128
samples,0.12029229638574179
sending,0.12025957408228091
satisfiable,0.12010777741670609
was,0.12007513114379254
columns,0.12004441602362527
depth,0.11990144290030003
places,0.11989828199148178
gpfs,0.11987764239311219
bin,0.11981870792806149
nothing,0.11956660156803471
note,0.1194001460528892
chenxiao,0.11931951344013214
64,0.11930327117443085
connection,0.11921820372931267
httpbadrequest,0.11920128762722015
blabla,0.11901251475016277
destination,0.11876587569713593
condition,0.11870644555280083
rpcapi,0.11851491406559944
old,0.11850062873650637
copy_from,0.11835715640336275
task_state,0.11832345920530232
broke,0.11816518157720565
eliminated,0.11760517954826355
enable_tunneling,0.11759737133979797
linux_net,0.11759333809216817
signed-off-by,0.11752932903667292
fields,0.11717995636122809
resulting,0.11703082919120789
fine,0.11696426073710124
socket,0.11690300330519676
solves,0.11683542281389236
fk,0.11682295016944408
python,0.11680713228997774
parameter,0.1166214278433472
wildcard,0.11633441597223282
dictionary,0.11628091468342713
meaningful,0.11619358758131663
watchdog,0.11614319682121277
deployed,0.1161275152117014
connection_type,0.11606492102146149
patched,0.11596223215262096
ips,0.11578272082484685
2,0.11576666400350373
addresses,0.11550996825098991
emc,0.11547874393207687
blocking,0.11542010307312012
nameserver,0.11535311490297318
fixes-bug,0.11534775793552399
longer,0.11530880264139601
intel.com,0.11523286951705813
rule,0.1152205024069796
non-default,0.11515294015407562
assigned,0.11502027763053775
main,0.11471130450566609
constraints,0.11461095671568598
structure,0.1146103753708303
choose,0.1145403931538264
introduced,0.11430765200306528
top,0.11429903904596965
sometimes,0.11429861783981324
databases,0.11412530268232028
deal,0.11397530635197957
hpet,0.11371291801333427
element,0.11355158252020676
info_cache,0.11309560636679332
pools,0.11273784811298053
after,0.11255788804418496
dep,0.1124645471572876
printing,0.11229266722997029
fwaas,0.1122917391359806
rely,0.11226492871840794
archfilter,0.1120343804359436
resources,0.11200176365673542
direct_url,0.11185265146195889
integrated,0.11153443157672882
openstack,0.11151147751068627
looping,0.1113473375638326
3par,0.1113218696644673
updates,0.1111631687854242
msg,0.1111285462975502
quota,0.11107266059566644
supported,0.11102786874398589
attempts,0.11093821190297604
requiring,0.11091227550059557
jones,0.11083635687828064
cmd,0.11077304929494858
last,0.11076119226905015
hopefully,0.1106383390724659
saves,0.11055857501924038
hostname,0.11053950139986617
values,0.1105030767132782
around,0.11042798672699267
content,0.11021465132944286
disallow,0.11012606136500835
rfc,0.11006999609526247
expected_errors,0.10994160920381546
correctly,0.1099310509239634
compute-manager-objects,0.10991294085979461
using,0.10990532279756735
is,0.1098417187458172
lastly,0.10980373062193394
serialize,0.10966780036687851
clone_image,0.10964655131101608
makes,0.10962830039040584
migrations,0.10956492318826563
actions,0.10949236177839339
declared,0.10941012799739838
operator,0.10912584364414216
validity,0.10888407211750746
openflow,0.10877338956509318
restart,0.10859111475292593
upgrades,0.10829597959915797
says,0.1081609383225441
formatting,0.10796230153313705
testtools,0.10785211175680161
network,0.10774925485221991
notdb,0.10773409716784954
nova/network/api.py,0.10751761682331562
important,0.10739827901124954
exists,0.10725095177836277
both,0.10720790048528994
``,0.10705810076529708
monkey,0.107014666001002
rbd,0.10699813192089398
tested,0.10686166087786357
ram,0.10680225193500519
mount,0.10677930161070365
clean,0.10675564358010887
early,0.10663548981149991
1151012,0.10661303624510765
model,0.10658168360407996
bumped,0.10654521733522415
cinder.conf.sample,0.10653726756572723
syntax,0.10647415407001973
bug,0.10640026514013863
cim,0.1063368393640433
attach_time,0.10618587583303452
wait,0.1061134251455466
addressing,0.10604478418827057
layer,0.10595774341045934
capabilities,0.10592808468001229
objects,0.10546578043747855
paths,0.10543489042255613
adds,0.10538834866041141
include,0.10534275232759469
functional,0.10523662082333532
unnecessary,0.10523623127179842
for,0.10516072758748995
subnet,0.105060443112796
management,0.10504676525791486
stop,0.10503884462209848
vdi,0.1049540149314063
unused,0.10495354681564815
renamed,0.10492677390575408
nova.virt.computedriver,0.10485022235661745
only,0.10467138472297932
user_id,0.10441149026155472
reuse,0.1043852170308431
chunks,0.10429433733224869
binary,0.1042826920747757
issues,0.1042778195281114
image-*,0.10427408665418625
assertnotin,0.10417812154628336
changed,0.103833316681197
consistent,0.10382267509703524
failed,0.10368974960874766
good,0.1036519929766655
client,0.10361778218713072
cloned,0.10356666013831273
vm_state,0.10354023613035679
semaphore,0.10329972704251607
faults,0.10329226180911064
novalidhost,0.10299419797956944
configurable,0.10297224831043018
string,0.10284874285571277
verified,0.10284150838851928
acquire,0.10279842279851437
happen,0.10274587157699797
cloud,0.10253388807177544
tests,0.10248532876407317
items,0.10242285346612334
to_primitive,0.10227168072015047
turn,0.10207615521115561
grizzly,0.10188121371902525
sense,0.10183496364893821
region,0.10178882111277845
non-zero,0.10178395360708237
moved,0.1017741251312795
unrelated,0.10172280529513955
vmdk,0.10160497277975082
bw_usage_*,0.10156768560409546
cold-migrations-to-conductor,0.10147888958454132
zhiyanl,0.10142546007409692
operators,0.10140754495902608
response,0.10139432022797651
s3,0.10124540627002716
boto,0.10117116570472717
tasks,0.1011269950773567
finished,0.10075976550579072
update_dns,0.10050810128450394
shared,0.10046593844890594
extensions,0.10046271155685342
parser,0.10042474667231242
alone,0.10042293928563595
...,0.10040327475871891
enforcing,0.10030658636242151
communicates,0.10028357058763504
run_instance,0.10021523954346775
72,0.10012034326791763
s,0.10008666419889778
disconnect,0.10007138550281525
if,0.10004926589991976
turned,0.10002087848260999
limit,0.09980058085380329
translation,0.09965395456289544
picked,0.09965234994888306
their,0.09941033012760074
matches,0.09936742732922237
by,0.0993042315341481
constructor,0.09921042621135712
vish,0.09920809417963028
docs,0.09909853090842564
necessarily,0.09904495254158974
common,0.09904209013771394
device,0.09878064055228605
seem,0.09869673242792487
clear,0.09855556883849204
lines,0.09852169247137176
compute,0.09841199599967305
referencing,0.09839018434286118
distributed,0.09836367856372487
generate_password,0.0983346626162529
desirable,0.09832188797493775
pep8,0.098295791943868
options,0.09819195358082652
nova-compute,0.09792636997169918
pulls,0.09789367020130157
route,0.09776905067265033
platforms,0.09773062666257222
communication,0.09766816534101963
state,0.09762129596649455
multipath,0.09752517348776261
nova/cinder,0.09751034341752529
driver,0.0974293977371417
find,0.09739874882830514
l3-agent,0.09721001423895359
series,0.09715605858299467
installation,0.09711706638336182
simplifies,0.09706128636995952
rewritten,0.0970447938889265
router,0.0967575529962778
gigabytes,0.09659255544344585
instancetypeextraspecs,0.0964932069182396
booting,0.09641669442256291
exception.invalidinput,0.09622361262639363
signatures,0.09611488382021587
plugin,0.09610675224253247
unexpected,0.09591141738928854
get_account_info,0.09572552889585495
catch,0.09545361253965114
vmops,0.09538946487009525
arguments,0.09538167994469404
hypervisors,0.09489383082836866
unknown,0.09481906642516454
attach,0.09471200709231198
power,0.09453297237103636
level,0.09448100998997688
misleading,0.09447380155324936
l2,0.09445015341043472
gettextutils,0.0942625030875206
job,0.09424734115600586
busy,0.09406834095716476
everything,0.09385291167667933
'max_count,0.0937785878777504
partially,0.09368531570091086
improve-block-device-handling,0.09359454363584518
osapi,0.093544306854407
hacking.rst,0.09340433776378632
compatible,0.0933053920045495
instances,0.09325764485011616
deallocation,0.09325512746969859
controls,0.09313706681132317
fails,0.0931038148701191
previous,0.09310258794575929
xenserver,0.09284115824848413
let,0.09268168670435746
though,0.09252064178387324
upgrade,0.09248096433778603
brick,0.0924408626742661
adapt,0.09242301061749458
relying,0.0923274252563715
1,0.0922232748284428
get,0.0921647105133161
otherwise,0.09202450729737227
python-swiftclient,0.09196296334266663
power_on,0.0916600835043937
rtslib,0.09153198450803757
underscore,0.09150807559490204
least,0.09139193417504429
server,0.09134742197033668
_poll_unconfirmed_resizes,0.09131091460585594
list,0.09124449341158782
pygrub,0.091238459572196
detach,0.09120919369161129
backing,0.0912060323688719
returning,0.09113077229509751
daniel,0.0911300778388977
mounted,0.09109583497047424
yield,0.09107983112335205
delayed,0.09103673448165257
network_infos,0.09084296971559525
admin,0.0908027003802683
cherry,0.09066518023610115
ran,0.09047894477844239
member,0.09032575786113739
via,0.09032123251947471
subnets,0.09031627710080808
puts,0.09020853638648987
allow,0.0901910874559932
migration_update,0.09005800262093544
safe_delete_from_backend,0.09001916646957397
certificates,0.0899921864271164
swob,0.08996184511731069
party,0.08995796243349712
modified,0.0898527383272137
storage,0.08983116125455126
=,0.08966018578835896
directory,0.08961367105737074
legacy,0.08943559146589702
1053572,0.0891546756029129
exactly,0.08911998383700848
notifier,0.08901031812032063
assumes,0.08897724933922291
specifically,0.08867379184812307
kombu,0.08865989744663239
thoughtworks.com,0.08835768699645996
codebase,0.08811900019645691
reference,0.08808210647354524
10,0.08802598518215948
status,0.08799199249595403
debug,0.08798611778407715
report,0.08796645905822516
gate,0.08796132355928421
mox,0.08773439067105453
runtimeerror,0.08764733870824178
replaces,0.08764523733407259
documented,0.08763831853866577
raise,0.0875248740623264
pci,0.08743920736014843
_validate_device_name,0.08708963543176651
fixed,0.08697697789249743
50e86cb2637a,0.08688884228467941
already,0.08683177287567337
configuration,0.08680339071808604
dm_setup,0.08677064627408981
tempurl,0.08672769522915284
git,0.08668946971495946
such,0.08666452098016937
point,0.0865776563102069
resize,0.08656384219863901
_test_postgresql_opportunistically,0.08640420436859131
fixedip,0.08636524453759194
caught,0.08635167990412031
loaded,0.0862782271578908
testing,0.08603882193565368
modernize,0.0855802595615387
%,0.08553507784381509
nÂ°1,0.08551278399924438
use_multipath_for_image_xfer,0.08544253557920456
post,0.08531900495290756
4,0.08528761814037959
split,0.08518580254167318
hardware,0.08515366166830063
remove-deprecated-auth,0.08513005822896957
row,0.0850914940237999
causing,0.08508294355124235
guest,0.08505447893677388
create/delete,0.08503003604710102
download,0.08473891764879227
formats,0.08460469792286555
asynchronously,0.08457518965005875
cleaner,0.0845402181148529
item,0.08453389940162499
b,0.08427661880850792
64bit,0.08426098494480054
translations,0.08402272313833237
incorrect,0.08400609468420346
quantum,0.08387096610385925
added,0.08373486935137536
uuids,0.08362305143641101
problem,0.0836217378864863
those,0.08361458557623404
forward,0.08357946574687958
libvirt.xml,0.08340436220169067
/v,0.08338750153779984
better,0.08332595247775317
underlying,0.08315972451652799
basis,0.083068722859025
1000,0.08300634721914928
keys,0.08297667021934803
lower,0.08295166989167531
pyflakes,0.08294212222099304
blocked,0.08280786871910095
out,0.0828031555969163
come,0.08274143934249878
keyerror,0.08252616133540869
config,0.08237643940235252
scheduler,0.08226084438954584
perform,0.08221656531095504
zk,0.08210818096995354
newer,0.08197256177663803
db_api,0.0819716602563858
spawn,0.08173945164307952
exist,0.08171863875920987
info,0.08168348257562943
audit,0.08158911764621735
warning,0.0815049852244556
reraising,0.08147278428077698
cisco,0.08145438648622345
test_compute,0.08142934677501519
plumbs,0.08139442652463913
vif,0.0813701256910073
caller,0.08134736381471157
oslo-incubator,0.08134046914055944
.,0.0812723818753625
granular,0.08123417695363362
effect,0.08121607618159032
base,0.08120915449915393
order,0.0811755043431753
firewall,0.08116982070108254
disks,0.08095965161919594
tcp_keepidle,0.0808926143993934
try,0.08070313061277072
nova-network,0.08060464294006427
per,0.08012735640763172
kwargs,0.07984637220700581
linuxbridge,0.07982286363840103
'fake_network,0.07979021221399307
source_address,0.07967374380677938
implemented,0.0795674982170264
glance-domain-logic-layer,0.07945801317691803
assertequals,0.07932089269161224
volume_dd_blocksize,0.07931173592805862
self.configuration,0.0793062150478363
years,0.07917057226101558
should,0.07911591272023942
couple,0.07909365324303508
concept,0.07901719957590103
likely,0.07901174575090408
ubuntu,0.07887719074885051
symbol,0.07880999892950058
transaction,0.0787917176882426
ignore,0.07878092117607594
nosuchopterror,0.07870587520301342
processes,0.07864904155333836
comprehension,0.07863295823335648
confusing,0.07836996018886566
cache,0.07834855806739892
ports,0.07834098070937519
simple,0.07813191646710038
sure,0.07800210718261569
lead,0.07800091803073883
follows,0.07799147441983223
lease,0.07776085866822137
dnsmasq,0.07775996819138527
mongodb,0.0777371171861887
foo.builder,0.07760065297285716
cleanup,0.07753223681732291
restore,0.0775250072280566
headers,0.07748707880576451
filters,0.0774870448490569
will,0.07747938013330224
device_owner,0.07747514670093854
mistake,0.07743800431489944
steps,0.07740137111395598
share,0.07738600564854485
under,0.07733622437808663
error,0.07714233494956385
also,0.07703378921339535
volume,0.07695188583644523
db/api.py,0.0769442692399025
with,0.07685223730203385
virtual,0.07682645786553621
connections,0.07681622196521078
test_preparing_xml_info,0.07679318636655807
deployer-specific,0.07667477428913116
unnoticed,0.0765566024929285
existing,0.0765116147042529
adjust,0.07646627558278851
distribute,0.07631824413935344
associate,0.07629639375954866
two,0.07618350399340071
raises,0.0761351379333064
because,0.07613175551236516
_is_multi_host,0.07607247680425644
russell,0.07605772465467453
remove,0.07599395823915704
reduce,0.07590875371048848
build,0.07585456036031246
nopermission,0.07576993977030118
generation,0.07570807139078777
raising,0.0756618283689022
-e,0.07558327913284302
steven,0.07552489265799522
centralized,0.07549208030104637
kwarg,0.07546476274728775
key,0.07543448995732303
ca,0.07540997037930149
fixing,0.07533091413123268
output,0.07530125553187515
provided,0.07526153583939259
assertion,0.07521218853071332
line,0.07520683811463673
circumstances,0.07517412304878235
then,0.07515265441656993
supplied,0.07513879239559174
home,0.07491569966077805
initialize,0.07477929093874991
who,0.07469924415151279
interaction,0.0745968515984714
general-host-aggregates,0.07457876872892182
whole,0.0745653851578633
head,0.07452641826655183
broken,0.07441968752659466
1.,0.07408686727285385
models,0.07407560978423465
creating,0.07395211451400358
inconsistency,0.07392208278179169
swiftclient,0.0738962504256051
20,0.0738004557788372
10g,0.07378877606242895
etc,0.07376418123021722
unshelving,0.07375318673439324
ofc,0.07369911794861157
part1,0.07368530575186014
[,0.07360168857923616
retried,0.07359426779051621
internally,0.07349048554897308
chains,0.07340840250253677
allowed,0.07340028288308531
initialize_connection,0.0733657255768776
os,0.07331786925594012
a,0.07325095554543357
repeatedly,0.07318611443042755
formerly,0.07305778563022614
estimation,0.07305179536342621
create,0.07278782577481197
space,0.07272618688229057
wrap,0.07269804179668427
contents,0.07269115839153528
live,0.07248242913434903
available,0.07235338493924716
nova/network/manager.py,0.07231929153203964
null,0.0722633570432663
tenant,0.07218061786677156
phase,0.07197351264767349
independent,0.0718572661280632
n't,0.07185254267682986
qemu-img,0.07172567741228984
stderr,0.07169155613519251
respond,0.0715863046546777
of,0.07157537369814572
owns,0.07149390876293182
allocate,0.0714288605377078
fc,0.071407322372709
grow,0.07137514650821686
powered,0.07123266160488129
long,0.07118691257475053
system,0.07115628620764862
refactoring,0.0711449711687035
probetests,0.07110888386766116
catching,0.07104289904236794
cells,0.07104108707114522
or,0.07101243813527051
chunked,0.07094043067523412
sub-plugin,0.07091813534498215
renames,0.07091038674116135
ends,0.07078568761547406
existent,0.07074669500192006
guests,0.07071936950087547
is_dict,0.07067675143480301
foreign,0.0706569878384471
tries,0.07062021410092711
libvirt_cpu_model,0.07057972997426987
imports,0.07048715111089959
retry,0.07041895731041829
confirm_resize,0.07026943067709605
itself,0.07018771380759202
migrate,0.07013133664925893
hyper-v,0.07008862696503373
clarify,0.07008431789775689
daemon,0.07004743069410324
dhcp-agent,0.06986598391085863
need,0.06983627151367405
target_iqn,0.06983598570028941
'm,0.06972778919670317
specifying,0.06968050301074982
slight,0.06965681910514832
compute-manager-objects-juno,0.06945700198411942
naming,0.06925148330628872
new,0.06910042738080864
normally,0.0690729096531868
guessing,0.06905822455883026
openvswitch,0.06893670341620843
developers,0.06878992915153503
capitalization,0.06856158375740051
periodic-tasks-to-db-slave,0.06841753609478474
helper,0.06834409557856046
db,0.06830279815374755
way,0.0681701277300652
vimfaultexception,0.0681489611743018
tunneling,0.06814764626324177
creates,0.06808147598057986
investigated,0.06796351820230484
get_host_uptime,0.06792908161878586
deferred,0.06776803483565648
imagebackend.py,0.06773661822080612
finishes,0.06773578375577927
console,0.0677107073366642
get_instance_by_floating_ip_addr,0.06758248992264271
mode,0.0675783408805728
api,0.06750746674244947
additionally,0.0674952506669797
computing,0.06749279797077179
supporting,0.06744992826133966
deployments,0.06742047766844432
'host,0.06736317987088114
real,0.06733212407146182
compatibility,0.06732673884835094
segments,0.0672166921198368
input,0.06715803841749828
pending_delete,0.0671273919288069
http,0.06705748298554681
detected,0.06704430282115936
scope,0.06677949774478163
3.01,0.06676048785448074
*,0.06675935746035214
api_samples,0.066751629114151
case,0.06666461288267256
evacuate,0.06661191117018461
link,0.06660318871339162
__init__,0.06648988723754883
indicates,0.06646908766457013
copied,0.06641054153442383
outside,0.0664099273937089
exception,0.06639389854529475
regular,0.06623264402151108
cells_api.py,0.06613541394472122
rescue,0.06604104284913494
operations,0.06589006824475346
returned,0.06587793282457054
subquery,0.06587177515029907
422,0.06583382748067379
unchanged,0.06581666618585587
version_control,0.0656838429470857
ignored,0.06553516833810136
deleting,0.06547386478632689
obsolete,0.06546434760093689
overhead,0.06535469833761454
provide,0.06532860346071954
lazy,0.06530813551084562
corresponding,0.06530780006538738
representation,0.06528690457344055
duplicated,0.06519318115897477
disassociate,0.06519276230877342
notfound,0.06512100001176198
clone,0.06510214735236433
overridden,0.0648780670017004
very,0.064842863753438
time.sleep,0.06483098864555359
done,0.06463563156365934
lsn,0.06460693388362415
backwards,0.06433649309910834
sf,0.06417916715145111
violate,0.06413749791681767
dhcp-agent-network-remove,0.06405148282647133
vhd-util,0.0640091598033905
mapping,0.0640071985690156
messages,0.06396209256667079
\,0.06368331362803777
again,0.06363851756655745
creation,0.06356705196846563
versioning,0.06336070373654365
worth,0.06335385888814926
infrastructure,0.06326532363891602
coded,0.06321065314114094
reverts,0.0631071546425422
i,0.06302957367151976
shutdown,0.06292294380413792
view,0.06289995461702347
debugging,0.06271187216043472
turns,0.06259597465395927
testrepository,0.062375700722138085
terminate,0.06235179305076599
taken,0.062340045968691506
connect,0.06232516355812549
glance,0.062288505339529364
exceptions,0.062198086343705654
silently,0.06216365285217762
quotaerror,0.06184742599725723
advanced,0.06181103736162186
],0.061773572783832525
conditions,0.061773293518594334
launch_index,0.061727539325753845
injection,0.061662301421165466
thrown,0.06151228491216898
cleaning,0.06149215251207352
image_utils,0.061406828463077545
19,0.06137373112142086
undefined,0.06129955966025591
well,0.06111578132353119
setup.py,0.06100124982185662
para,0.06096663698554039
i18n,0.06095520353743008
eliminate,0.06091128662228584
enables,0.0608313262462616
individually,0.06079011783003807
2616,0.060696729769309364
name='pit,0.06055419147014618
as,0.06043895509630499
delete,0.060397586341326435
they,0.06039052127600938
pending,0.06037878151983023
false,0.060366778585471605
got,0.060325360339548856
raised,0.060227825733212136
vm_util,0.060223255306482315
went,0.06018325872719288
-,0.060162611683750505
protect,0.06010260060429573
hand,0.060056572780013084
commit,0.059990949124436484
purposes,0.05980378327270349
loaders,0.05964786075055599
vc,0.0593712218105793
manager,0.05927461508768969
remained,0.059248353044191994
setup,0.05924041689697491
resolve,0.05922685687740644
vmops.py,0.05906467139720917
entity,0.05900278687477112
developer,0.05892737954854965
services,0.058905470850212235
variable,0.05889098697103733
\n,0.05884213745594025
exact,0.05876802280545235
passed,0.05876052533758098
euca-run-instances,0.0587567463517189
architecture=x86_64,0.058710627257823944
separating,0.05858581140637398
update_port,0.0585809163749218
clients,0.05851732918785678
serialization,0.058502508948246636
chance,0.05846546186755101
launched,0.05840632040053606
execute,0.05837886125664227
nosetests,0.05836499109864235
especially,0.058205798268318176
attach/detach,0.0579938143491745
nova.db.api.network_*,0.057845279574394226
node,0.05770718841813505
create_db_entry_for_new_instance,0.05765012403329214
fedora,0.05758220122920142
it,0.05754485812884232
persisted,0.057514140382409096
-1,0.05749662406742573
luckily,0.057443543104454875
determined,0.057292889803647995
liu,0.05724673097332319
having,0.05723985470831394
periodic,0.057066763497211716
calls,0.05690789152868092
the,0.05665068004200122
features,0.0566402591454486
retry_attempts,0.05662797763943672
open,0.056599770486354825
some,0.05655820970055892
unnecessarily,0.05653674155473709
middle,0.05652959272265434
routers,0.05645539386508366
tracking,0.05643607613941034
launcher,0.056425247341394424
reasonable,0.0563523530960083
classifiers,0.05631561204791069
get_hypervisor_hostname,0.05626949667930603
booted,0.056251669923464455
unittest,0.05619234777987003
year,0.05605985503643751
here,0.055999040730636225
vm,0.0559548979032446
1303360,0.05590691417455673
shortcut,0.05586996302008629
path,0.0558616238180548
cinder,0.05583960302651693
bound,0.05581775680184364
tue,0.05581025127321482
fix,0.05573006522414895
regenerates,0.055652063339948654
gettext.install,0.05562548339366913
prevent,0.05529033121737567
capacity,0.055109610160191856
signal,0.05504270953436693
updated,0.055022044957149775
validate,0.05497005707002245
breaking,0.05495238434135293
find_data_files,0.054937854409217834
reflect,0.05490588862448931
behavior,0.054880993981515205
lacking,0.05477372743189335
retryfilter,0.05473713204264641
'offset,0.054728999733924866
generated,0.05469789779321714
able,0.054669317996336356
reverted,0.054651716724038124
floating_ip_update,0.05460241436958313
fetch_to_raw,0.0545723807066679
propagated,0.054414987564086914
closes,0.054378828033804893
quantum_nvp_port_mapping,0.054316600784659386
popped,0.05424718062082926
any,0.05423294889848106
vlan,0.05422568078973286
have,0.0541872174320061
plug,0.054087648168206215
that,0.054071499400790445
someexception,0.05405494070146233
edge,0.05399726455410322
speed,0.053887725940772464
works,0.05386365740559995
lp,0.05386088815755508
ec2,0.053853406350956194
pulled,0.05385298281908035
pause/unpause,0.05372691402832667
select,0.053646213478512235
majority,0.053504906594753265
similar,0.05342962130331822
our,0.05333504346864564
attribute,0.05331854679589641
registration,0.05317409336566925
passwords,0.0531277097761631
typical,0.05302212946116924
parts,0.053019913689543806
explanation,0.05298669512073199
existed,0.05297654680907726
message,0.052925434638084634
syslog,0.05284374672919512
reason,0.052809798291751316
chuck,0.05280722677707672
zeros,0.052756291814148426
ok.,0.05272678844630718
entry,0.052715006242082876
handling,0.0526984678581357
mess,0.052668506279587746
insert,0.05265501081885304
versions,0.052582859194704464
encryption,0.052576467394828796
behaviour,0.05256317500025034
reap,0.0524756945669651
reboot,0.05244751119365295
change,0.05242920211997679
storwize,0.05241540136436621
handle,0.052355713139359765
schedulers,0.05230507627129555
iterator,0.0521528534591198
partial-bug,0.052056419530085156
security,0.052049627019600433
always,0.051984135750681164
/servers,0.051925286650657654
bulk,0.05192001676186919
impact,0.051919470774009824
improving,0.051909094055493675
definition,0.051902411298619375
occurs,0.05182330450043082
you,0.05179664646633542
loading,0.05177798122167587
close,0.051669131964445114
),0.05166727921788557
reads,0.051595840603113174
an,0.05157777573932934
does,0.051566227255692786
code,0.05122111148261562
io,0.05120967825253805
transfer,0.05120469691852728
supposed,0.05120197807749113
datetime,0.05120174586772919
vs,0.05113205201923847
push,0.05106249451637268
porting,0.05093651032075286
thierry,0.050909124314785004
virt,0.05081032044612444
cname_lookup,0.050710368901491165
example,0.05069989581326289
test,0.05064625545499367
fixed_ip_get_network,0.050622906535863876
baremetal,0.05056826368672773
fill,0.050561933778226376
addn-hosts,0.05035258332888285
sets,0.050321329633394876
thing,0.050310527284940086
behind,0.050248581916093826
container,0.05023997988213192
later,0.0502146461357673
metadata,0.05013888133594077
eval-based,0.0501233097165823
performing,0.050096834699312844
poll,0.0498349629342556
prevents,0.049819005387169976
'',0.049802587814193375
minutes,0.04972198108832041
meet,0.04968518018722534
stating,0.04967209200064341
vg,0.049662940514584385
replication,0.04960757028311491
loader,0.049512249417603016
physical_utilisation,0.04950131972630819
which,0.049500340195264635
403,0.04949909821152687
result,0.049442533496767284
relaying,0.04943137367566427
decide,0.04942463462551435
readable,0.04930937786897024
traffic,0.04921846588452657
nova-conductor,0.04919108500083288
methods,0.049105566416590196
faultwrapper,0.0491042286157608
assume,0.04894753585436514
no,0.04869867520733871
built,0.0486920028924942
instantiated,0.0486790140469869
backup_*,0.04866427928209305
`,0.04861406505043651
;,0.048586406390709075
yan,0.04853289077679316
validation,0.04852479143903173
user,0.04851610700790572
become,0.0484587966597506
devices,0.04843975423968264
seems,0.048332069690028824
ovs_cleanup,0.04818084463477135
dump,0.0480976402759552
initialized,0.04799290265267094
id,0.04783639755959694
maintenance,0.047816257923841476
statement,0.047735758824273944
name,0.047726332788553205
attributeerror,0.047715296347936
actual,0.04768705304013565
failing,0.04763295749823252
combined,0.04762985557317734
same,0.04745539907461909
vifs,0.04740859288722277
accepts,0.047253476455807686
'msg,0.047151144593954086
names,0.0470826578411189
/usr/lib/python2.6/logging/__init__.py,0.04704742133617401
callback,0.046995471231639385
7,0.04690094913045565
many,0.04677778327216705
libvirt/driver.py,0.04671635851264
https,0.04670470100469314
db.api,0.046673151664435863
windows,0.04630913473665714
service_catalog,0.04626094363629818
httprequestv3,0.046201578030983605
time,0.04611731071366064
messaging,0.046062905341386795
public,0.04579414501786232
subdirectory,0.04568484425544739
docimpact,0.04541838344259843
loadbalancer,0.0453515350818634
instructions,0.04530520364642143
entirely,0.045233084354549646
3k,0.04518109210766852
status_description,0.0451740138232708
optparse,0.0451321005821228
exit,0.045074161142110825
except,0.0450117992278298
rick,0.04493030719459057
(,0.044875959495642895
traceback,0.04474396863952279
timeout,0.044708164300148685
cluster,0.04469089735565441
50,0.04466786310076713
filesystem,0.04457191191613674
child,0.04455154032136003
second,0.044462163001298904
engine,0.04442615061998367
fake_flags,0.04442194849252701
so,0.04434044407410088
deploy,0.04420003046592077
ops,0.0441315732896328
smi-s,0.04403576329350471
total,0.04400238146384557
strutils,0.043950144201517105
reservation,0.043944550678133965
match,0.043854540260508654
equivalent,0.04384581744670868
overload,0.043836891651153564
esx,0.04382453262805939
silly,0.04375927150249481
'nova.network.manager,0.04344550892710686
finish,0.04333745315670967
read,0.04310487137575235
100,0.04299705661833286
bdm,0.04290974140167236
cfg.conf.reset,0.04286443814635277
snat,0.042796558079620205
instance_actions_events,0.04267954081296921
,,0.04267710311849776
across,0.042560133462150894
display,0.04254876325527827
novaclient,0.042507568995157875
number,0.0424960152673963
get_disk_bus_for_disk_dev,0.04242556169629097
characters,0.042324746027588844
overloaded,0.04230138659477234
flake8,0.042243197560310364
integration,0.042206247647603355
migrating,0.0420835018157959
portal,0.04206481948494911
usage,0.042049414361827075
ratio,0.042008645832538605
1205956,0.042008139193058014
consumers,0.04196900362148881
container_info,0.04191350191831589
utils.safe_minidom_parse_string,0.041896987706422806
hosts,0.041859982813346304
workaround,0.04185401797294617
unified,0.041708012421925865
veth,0.04165319993626326
policy,0.041639939227025025
do,0.04163087960544296
others,0.0415071254330022
soft_delete,0.04148500332874911
floating,0.04146000789018887
typeerror,0.041441887617111206
how,0.04140862619969994
packet,0.041387330585469805
issue,0.0413580545712085
verification,0.04132869690656662
unbreak,0.04131960938684642
suds,0.04116278886795044
used,0.04107520735958572
compression,0.041046804189682005
cloud-init,0.041029635816812515
host_ip,0.040901441127061844
checking,0.04076674107748728
tag,0.040648714949687324
permissions,0.04064071675141653
log.py,0.04060228665669759
started,0.040562679370244346
required,0.04049434177087326
_,0.040392748680180654
lack,0.04034586250782013
starts,0.0403437833301723
notification,0.04034361436676521
'initiator,0.04026345536112785
commands,0.04014527822534243
method,0.04005971427242058
contain,0.040024506549040474
abandoned,0.03997331112623215
nÂ°2,0.03994116261601448
something,0.03987005160241905
3,0.03981880426406861
static,0.03980554336158093
present,0.039793641979081765
utility,0.039785622308651604
_try_convert,0.03967104898765683
default,0.03963930266244071
dry,0.03963426500558853
removed,0.03961676130347769
v2,0.03961025051362181
in-memory,0.03958638309268281
runs,0.039583750967202444
'connection,0.03941477028032144
soon,0.03937971591949463
length,0.039357769303023815
ids,0.03933397470973432
violations,0.039291280011336006
endpoint,0.03923892229795456
uuid,0.039193968288600445
recover,0.039092469960451126
above,0.038856261409819126
scheduler/driver.py,0.038776274770498276
understand,0.03850005070368449
revoke_certs_by_user_and_project,0.0383923165500164
set,0.03832240031266655
nova/compute/manager.py,0.038320790976285934
610017c460b85e1b7d11327d050972bb03fcc0c3,0.03823950421065092
images,0.03817835729569197
none,0.0379463489451963
snapshots,0.03791548326038397
recent,0.03787846372662378
convert,0.037828872568513215
enforces,0.03780953586101532
spent,0.03774593397974968
different,0.03770949460205532
thought,0.037602759102204196
locale,0.03751477412879467
5dd1553cca7f7e62eebce75e1d936fc211b239ec,0.03748541697859764
installing,0.037427669391036034
ringbuilder,0.03731653342644373
vdis,0.037305351346731186
defaults,0.03729382970116355
between,0.03725593723356724
vmware-compute-driver,0.0372027987614274
based,0.03718491888139397
rename,0.0371615033530231
isinstance,0.037040404975414276
most,0.037025543319032295
situation,0.03698516424213137
lintstack,0.036958660930395126
merge,0.03688625916838646
fixes,0.03677339853676042
event,0.03667121403850615
verify,0.03634973578155041
peer,0.03621353954076767
stty,0.03620217740535736
largely,0.03616372123360634
scheme,0.03616232192143798
implementation,0.036143173599460475
completed,0.03610273631056771
regression,0.03602404830356439
about,0.03598437237087637
meaning,0.03598169734080633
policies,0.0359295479953289
administrator,0.03592339064925909
gettext,0.03592254966497421
agpl,0.03590511903166771
indicate,0.035877747810445726
dd,0.035870145385464035
oversub_ratio,0.03584945574402809
n402,0.03584720939397812
nova.rpc,0.0358433835208416
deadlock,0.03581945598125458
stats,0.035793292025725044
advantage,0.0357206502618889
cpu,0.03551521467474791
enough,0.03548594191670418
objectlistbase,0.03542179986834526
lvcreate,0.03541972488164902
vvs-johb2oj0qj2uawatwbe7bg,0.03524560481309891
physical,0.035225984950860344
conversion,0.035192792862653734
continuation,0.03506704792380333
address,0.0350438810772065
eventlet.wsgi.server,0.035019028931856155
opts,0.034921554227670036
disk,0.034790971605862316
implied,0.03475278243422508
iptables,0.03466912731528282
nova-tests-code-duplication,0.03463963667551676
passing,0.03463161736726761
benefit,0.034521445631980896
body,0.034455508448688006
depends,0.03444616124033928
n401,0.03438455114761988
assertin,0.034368481331815325
datastores,0.03419099003076553
0,0.034153017808090554
no-op,0.03399679313103358
equal,0.03397732399977171
argument,0.03396487769593174
host,0.03389056957133004
/os-agents,0.03388825058937073
'swap,0.033864542841911316
get_volume_stats,0.03379129897803068
len,0.03371915469566981
testr,0.03368755057454109
lvm,0.03362368394058043
re-raising,0.03359414761265119
fault,0.033542074263095856
oslo-version,0.03350544348359108
could,0.03350287023931742
bunch,0.03346777458985647
requested,0.03341971066865054
obvious,0.033371035009622574
write,0.03336370401084423
nova.service,0.03333321586251259
tmp,0.03331240266561508
image_get,0.033212605863809586
lists,0.033095752044270434
proxy,0.03304521623067558
diskfile,0.03303451102692634
dedup,0.03301440551877022
layers,0.032924995136757694
session,0.032915435556788
schemas,0.03288794060548147
reserved,0.03288735697666804
deepcopy,0.0328279547393322
byte,0.032796581741422415
page,0.03277168795466423
system_metadata,0.032651153792228015
test_virt_drivers.py,0.03261888772249222
204,0.03247025981545448
piece,0.03235030546784401
improve,0.03224031535884071
causes,0.032234675963135326
fewer,0.032076429575681686
pip-requires,0.03194699250161648
like,0.03187916908614539
issued,0.031808534637093544
127.0.0.1,0.031767163425683975
vsm,0.0317557780072093
authentication,0.03173635589579741
__builtin__,0.03156553953886032
calculated,0.0315652663509051
enable,0.03153910682253216
continue,0.031470597411195435
non-attached,0.03141317516565323
e.g,0.03137354783359028
volumes,0.03134693760374511
defining,0.03132384419441223
explicitly,0.03129121853999095
yields,0.03116077681382497
date,0.031130916572042873
global,0.03113046315099512
switch,0.03098342156348129
keystoneauth,0.030981002375483513
easy,0.030977658461779356
three,0.030898633930418227
copying,0.03078598529100418
blocks,0.030667537823319435
db_auto_create,0.030628797908624012
original,0.030451776991997446
x,0.030444948623577755
non,0.030427392475262008
effort,0.03029630184173584
task,0.03023682842918095
noop,0.030217331213255722
inner,0.030135219916701317
snapshot,0.029952167759875994
just,0.02995101407369865
copy,0.029921146162771892
control_exchange,0.02987835928797722
memory,0.029856735753128305
looking,0.029847431927919388
details,0.029788106081209013
strategy,0.02973220543935895
hpsaniscsidriver,0.029727844521403313
metaclass,0.02972666546702385
rebase,0.029560431838035583
show,0.029499504792814452
meaningless,0.029482165351510048
minor,0.029456549634536106
handy,0.029431508854031563
often,0.029411627724766732
format,0.029354407600211827
see,0.029325992706412028
fqdn,0.02926742099225521
nvp,0.029148448454706294
avoid,0.029098007424234032
taking,0.029080616709377085
interface,0.029016634449362755
missmatch,0.02893289178609848
object,0.02892494324827567
my,0.028894320130348206
warn,0.028844758868217468
floating-ip,0.02873132936656475
counts,0.028626950457692146
xml,0.028503790988387272
ovs,0.028385571390390395
oslo.vmware,0.028347420506179333
#,0.0282982049476855
various,0.028180472925305365
continues,0.028156933933496477
get_admin_context,0.028146468102931976
nova.network,0.02807262632995844
nova.network.driver,0.027995048090815544
down,0.02792328307848601
unplug,0.02791089564561844
intermittent,0.02786569530144334
iterable,0.027855002631743748
left,0.027735796584238415
back,0.027730804764562182
known,0.027639201283454894
contains,0.027613607319918545
xen,0.02758132517337799
nsx,0.02756547661764281
rpc,0.02755079500162412
transfer-codings,0.027400711551308632
next,0.027325315231626682
save,0.027226094688688005
pre_live_migration,0.02719632163643837
away,0.027171660214662552
policy.json,0.02715058873097102
positive,0.027100978419184685
hvm,0.027096470817923546
wrapped,0.027051831285158794
namespacing,0.027035176753997803
misconfiguration,0.02701609395444393
logs,0.026958506109870294
'd,0.026896970346570015
vol,0.0267887681722641
traces,0.02678605355322361
give,0.02662345746325122
mac,0.026596459152642637
replicas,0.026592322783212045
precise,0.02658947246770064
clarified,0.026565907523036003
files,0.026535575914895162
timeutils,0.02652597427368164
nova,0.026505025365851878
architecture,0.02642067746880154
timer,0.026402702927589415
drifting,0.026380835101008415
transfer-encoding,0.026370498538017272
groups,0.02632885598219358
dependencies,0.02629593526944518
internal,0.026152709229408128
signature,0.026115272401107684
urls,0.026105430908501148
/dev/zero,0.02607990801334381
thinlvmvolumedriver,0.026009817607700825
defined,0.02599615006086727
fake,0.02596426001665267
21,0.025885501876473427
filedecoder,0.02584980521351099
small,0.02580714365467429
mechanism,0.025670897117570826
function,0.025538456966099972
refactor,0.02548801025156589
overwrite,0.025484466925263405
libvirt,0.025389420192663534
over,0.02532395870695191
filename,0.025310508906841278
imagepropertiesfilter,0.02525736205279827
've,0.025241305585950613
within,0.025214637574904105
setting,0.024989933133698426
mix,0.024932967498898506
lxc,0.024753199890255928
when,0.024711114526463768
splits,0.024653842905536294
x-glance-api-copy-from,0.024557868018746376
sample,0.024383431610961754
disabled,0.02431442867964506
compute/manager.py,0.024307608604431152
port,0.024297521519474684
defines,0.02421501651406288
until,0.024180404125497892
use,0.024121902423826058
used_ratio,0.024117982015013695
beginning,0.024032688699662685
products,0.024029644206166267
pip,0.02402057684957981
mappings,0.02371417172253132
nonetype,0.023547242085138958
sequence,0.023546844138763845
alias,0.023482258121172588
active,0.023438220745638796
parsing,0.023400648962706327
vif_details,0.023229070007801056
resized,0.023182689445093274
allowed_end,0.023164132609963417
communicate,0.02302819862961769
true,0.022471041325479744
means,0.02242481568828225
allocation,0.022175466641783714
exposed,0.022071607410907745
interfaces,0.022036109119653702
recursion,0.021992505993694067
importing,0.021940473467111588
significant,0.021855205297470093
500,0.021846674382686615
_set_host_enabled,0.02183220535516739
secondary,0.02177017112262547
want,0.021769370059840955
package,0.02164405435323715
set_replicas,0.021588775018850963
detect,0.021581989340484144
portals,0.021545780822634697
server_diagnostics,0.02152932435274124
'memory_mb,0.02152034267783165
on,0.021483418537841262
clock,0.021432213485240936
heavily,0.02142721600830555
disable,0.021373182121250365
allows,0.021174657306202303
rest,0.021165175871415573
resizing,0.021106854289038374
useless,0.020951062440872192
stale,0.020920031304870332
prepending,0.020882360637187958
instance_type_extra_specs,0.020816223695874214
in_use,0.020810409138600033
swift-ring-builder,0.020801901459120788
image-update,0.020738252252340317
xapi,0.02072881907224655
filling,0.020678690324227016
clearly,0.020601661875844002
print,0.02042160928249359
bring,0.02037695174415906
reporting,0.020362784309933584
mutable,0.020347248762845993
column,0.020296817128029134
ryu,0.020252765715122224
whether,0.02020994604875644
specifies,0.020167233422398567
description,0.020033149980008602
lets,0.020028636635591585
changeset,0.019982175901532173
reading,0.019939697347581387
converted,0.019893249962478876
applied,0.01987665394941966
making,0.019744538143277167
boolean,0.01974195591174066
unset,0.01971990428864956
012,0.0196769783894221
lock,0.01959452749444888
ssh,0.019475508481264114
intelligent,0.019469730090349913
elements,0.019397694617509842
vlans,0.019395213884611923
notifiers,0.01933748461306095
upstream,0.01928095022837321
folsom,0.01925595123320818
structured-object-fields,0.019238003840049107
style,0.019226362307866413
really,0.019202987878368452
detection,0.019056083013614018
vhds,0.01899692416191101
testcases,0.018962591886520386
probes,0.01890026219189167
stripped,0.01888628862798214
//review.openstack.org/,0.018874963745474815
indefinitely,0.01874370127916336
db-api-tests,0.018713990226387978
spelling,0.018622489439116582
current,0.018596213459968567
wwns,0.018548263236880302
unit,0.018234137583269992
involving,0.01819717511534691
attach_volume,0.018150478368625045
fractional,0.01814470129708449
l3,0.01800857220951002
logging,0.01793422390307699
yamahata,0.017848491668701172
replica,0.017833881080150604
sent,0.01780729414895177
lockutils,0.01777523507674535
reasons,0.017715006974564556
functions,0.017711909487843513
deallocate,0.017690641184647877
255,0.017607256770133972
oslo-messaging,0.01755807300408681
included,0.017545198400815327
wanted,0.017523666843771935
&,0.01748803390988282
might,0.017431498251178047
design,0.0173827201128006
bind,0.017367832362651825
send,0.017315196733062085
tried,0.017297903075814247
list_parts,0.017277552435795467
modifies,0.017270507290959358
continuous,0.017165205627679824
get_object_info,0.017121482640504837
simpler,0.01709316795070966
expose,0.01699532674891608
fully,0.016882432624697685
connector,0.016699612140655518
private,0.016685116597834754
multi,0.016528749838471413
provision,0.01650106767192483
range,0.0164027377210844
entity_name,0.016369624063372612
sr,0.016294052707962692
request_spec,0.016247430505851906
contextmiddleware,0.01619408279657364
enums,0.01611214503645897
eventually,0.0160993995765845
knows,0.01609020307660103
clusters,0.016026756167411803
metaplugin,0.016023421039183933
hypervisor_type,0.0160018652677536
sqlalchemy,0.01599576192743638
gre,0.015933131178220112
direct,0.0159243364552302
run,0.01592093862073366
mocking,0.015909865498542786
generate_uuid,0.01583992193142573
'metadata,0.01582779362797737
lbaas,0.01580571776462926
absolute,0.01573479622602463
other,0.0157102763023175
external,0.015706446953117847
skips,0.01568792015314102
hypervisor,0.01566609153524041
reports,0.015559396147727967
documentation,0.015461985021829605
destroy,0.015447573363780975
relative,0.015415560454130173
assert_called_once,0.015377666801214218
qcow2,0.015227510893185223
can,0.01521062235269934
conf,0.015100765875295588
avoids,0.015042354663213095
individual,0.014981256611645222
hard-coded,0.01495751179754734
modular,0.014955117056767145
rate,0.014934219419956207
hit,0.014932981692254543
typos,0.01478204457089305
db_preallocation,0.014766385972810289
partition,0.014737538993358612
wo,0.014684033114463091
synchronized,0.01467183232307434
respect,0.014541625045239925
affect,0.014439388178288937
nova-metadata-service,0.014321059919893742
rules,0.014177538096331634
imageupload,0.014171048998832703
x-object-manifest,0.014004508033394814
introduce,0.013870662823319436
supply,0.013685333542525768
patch,0.01344927523865661
'port_filter,0.013254456222057343
property,0.013240854501081803
install,0.013195698382332921
doing,0.013185757108860545
packages,0.013162229210138321
kvm,0.01314803452364036
following,0.013058787175955681
easier,0.013056706947584948
attaching,0.012984532552460829
environments,0.012732701376080513
solution,0.01265954039990902
idea,0.012434582536419233
applies,0.012402968481183052
configure,0.012397482577297423
http_connect,0.012393258512020111
'extended,0.012376498430967331
feature,0.012351856629053751
zones,0.012317033484578133
ovs_lib,0.012298601865768432
although,0.012232045829296111
reserves,0.012228818610310555
configurations,0.012171098939143121
summary,0.01197606511414051
version,0.011894891057415185
shutoff,0.011768917553126812
skip,0.011672233510762454
ambiguity,0.011570402421057224
startup,0.011319368670228869
respective,0.011315714567899704
vcpus,0.011282278224825859
iptables_manager,0.011278189718723297
1.0,0.011272484281410774
loopingcall,0.011246359907090664
sizelimit,0.011190420016646385
calculating,0.011123490519821644
logical,0.011111484840512276
matter,0.01102144286657373
os-services,0.010979972779750824
drop,0.010938937154908976
updating,0.01085479202059408
907898,0.010828036814928055
probe,0.010789597406983376
instead,0.01070956477455258
havana,0.010570871389724991
nexus,0.010465262550860643
apis-for-nova-manage,0.010434187948703766
key_name,0.010297698900103569
neutron_nvp_port_mapping,0.01027809176594019
i682fa491dd1435814b73404d91df3387504c3e39,0.010263492353260517
reply,0.01023372852553924
pairs,0.010232366000612577
period,0.010216706299356051
related-bug,0.01020864231718911
access,0.01015006935223937
atomic,0.009955886751413345
rollback,0.009889134205877781
'legacy,0.009872225113213062
grab,0.009754152037203312
pypi,0.00965804886072874
restarted,0.009652139153331518
check,0.009441077234406098
1.1,0.009405352796117464
greater,0.009399888504828726
python-novaclient,0.009336372992644707
payload,0.009325143322348595
change_instance_metadata,0.009286501444876194
e,0.009240427985787392
even,0.009158356425662836
lost,0.009151995913790805
author,0.009110044067104658
17,0.009098350458468
unfortunately,0.009088189341127872
querying,0.009001738081375757
going,0.008971302956342696
suite,0.00896925013512373
identified,0.008964731357991695
image-snapshot,0.008933352306485176
vimexception,0.008930324266354242
violation,0.008890996687114239
virt-objects,0.008879033848643303
scripts,0.00887526385486126
priority,0.008857868611812592
glance-api.conf,0.00864990676442782
nw_info,0.008595112711191177
associated,0.008521147569020589
self._update_instance,0.008419244239727655
avoided,0.008218098431825638
generating,0.008123484750588736
progresses,0.00812228862196207
passthrough,0.008096367557300255
slo,0.007911870069801808
leads,0.007911519147455692
extract,0.007911091670393944
tempest,0.007799419853836298
became,0.007595132105052471
users,0.007587838385786329
particular,0.0075790445320308205
provides,0.0075711725900570554
accurate,0.0075369582045823336
oslo.messaging,0.007495928710947434
gateway,0.007465300130813072
earlier,0.00732568030556043
interact,0.007321375732620557
conflicts,0.007226212415844202
while,0.007204990182071924
100b2316-9187-48d8-b327-dded22d1dc71-00001,0.00720482071240743
!,0.007199854403734207
mod,0.007159897591918707
mimic,0.007125292904675007
relevant,0.007087459388588156
/quantum/openstack/common/cfg.py,0.007070563733577728
randomly,0.007002375554293394
app,0.006910045941670735
crash,0.006796628547211488
tweaked,0.006725694052875042
'in-use,0.006680712103843689
cinderexceptions,0.006666131938497226
behave,0.006664720829576254
few,0.00665891207754612
happening,0.006633490324020386
aggregates,0.0066300939458111925
ping,0.006580250337719917
newly,0.0064747328869998455
ability,0.0063765749335289
log.debug,0.006332585122436285
systems,0.006183990393765271
report_interval,0.006164831575006247
translating,0.006083269603550434
start_instance,0.00605850899592042
schedule_delayed_delete_from_backend,0.006038996856659651
into,0.005937786501611478
_instance_update,0.005892942193895578
live_migration,0.005858937278389931
kind,0.005846057087182999
sort,0.005827097164001316
superclass,0.005748326579729716
people,0.0056867630531390505
general,0.005656953073210186
169.254.2.1,0.005635801237076521
volumebackendapiexception,0.005610233638435602
xcp/xenserver,0.005535908509045839
subprocess,0.0054977962766618775
get_spice_console,0.005494855809956789
state_path,0.0054937923947970075
stub_instance,0.005445376969873905
building,0.005421462003141642
todo,0.005390792153775692
--,0.005386481000650152
found,0.005357166199731486
mysql,0.005339916422963142
icehouse-objects,0.00532413770755132
trace,0.005319770735998948
tweak,0.005305498838424683
?,0.005300344278415044
rebalance,0.005288244147474567
vcenter,0.005285865068435669
syncs,0.005280865356326103
aside,0.0051507712341845036
hard,0.0051356029289308935
fashion,0.005112980802853902
leave,0.005022747579330046
lr,0.00497368403843471
refactors,0.004938790574669838
1.8.0,0.004886202824612458
confirmed,0.004872205356756846
coverage,0.004789239663461392
encrypted,0.004633580024043719
currently,0.004526105776204969
hypervisor-show,0.004480020763973395
instance_uuid,0.00439381244359538
future,0.004380165599286556
iscsi,0.0043502307349914
dicts,0.004338881621758143
scope-config-opts,0.004316872517977442
appears,0.004313649609684944
removes,0.004287747276777571
nova/testing,0.004279769957065582
hypervisor_version,0.004260666202753782
icehouse,0.004231882414647511
below,0.004106104373931885
connectioncontext.__del__,0.0040093837305903435
_fields,0.003980433568358421
upgrade_levels,0.0038741936441510916
rotation,0.0038273551035672426
marks,0.0037592328153550625
invoke,0.003749409632291645
tags,0.003656112588942051
'rpc_flavor,0.0036275318513313928
completely,0.0033785440027713776
update_status,0.003377685323357582
someone,0.0033312092224756875
object.builder,0.0032896145712584257
no-db-messaging,0.0032345582963898777
parse,0.0032203728333115578
test_vmware_vmdk.py,0.0028523665387183428
fixed_ip_get,0.002809481928125024
imageid,0.0027972261110941568
anyjson,0.0027265094686299562
'force,0.0026447374373674394
'backend,0.002644068095833063
dummy,0.0026063253171741962
plumgrid,0.002588970586657524
binding,0.0025811423547565937
random,0.002562033012509346
hostnames,0.0023836547819276652
dev,0.002352256327867508
/v2/,0.002335775177925825
osapi_volume_extension,0.002288356889039278
increase,0.00205247406847775
defaulting,0.002039369040479263
incorrectly,0.001968309128036102
params,0.0019549479708075523
lucid,0.0019396876450628042
dnat,0.0018712281016632915
comes,0.00173965806607157
'extending,0.0016521188663318753
submitted,0.0016513722948729992
_post_live_migration,0.0016006394289433956
spaces,0.0015386940600971382
off,0.0015203787634770075
runtime,0.001501834369264543
os-dcf,0.0012916310224682093
deletion,0.001272410008823499
ipv6,0.0012028798228129745
middlewares,0.0011925408616662025
reduces,0.0011504825670272112
**kwargs,0.0010857711313292384
<NULL>,0.0010279115294864025
prints,0.0010221304837614298
indenting,0.0010189820313826203
constraint,0.0009785402410974104
pythons,0.000869736191816628
asserttrue,0.0007986357435584068
vs.,0.0006967118824832141
returns,0.0005056918744230643
project_id/tenant_id,0.0004355858836788684
assign,0.00037685062270611527
thin,0.00028426144854165614
visible,0.00024377154477406293
jsonutils,0.00014586555771529676
ephemeral,0.00010472886303129296
reverse,8.969908958533779e-05
controller,5.4508631971354284e-05
i.e,4.4820746552431956e-05
fresh,0.0
committed,0.0
200,0.0
auto_disk_config,0.0
closes-bug,0.0
rid,0.0
builder,0.0
pattern,0.0
controllers,0.0
db-enforce-unique-keys,0.0
globally,0.0
locally,0.0
knowledge,0.0
introduces,0.0
factors,0.0
finally,0.0
launch,0.0
excutils.save_and_reraise_exception,0.0
directories,0.0
gerrit,0.0
solidfire,0.0
ga,0.0
scality,0.0
sofs,0.0
accesses,0.0
sparse,0.0
maintain,0.0
cached,0.0
core,0.0
vdi.copy,0.0
half-completed,0.0
far,0.0
affects,0.0
remote,0.0
nova.flags,0.0
unpredictable,0.0
fix-nova-typos,0.0
multi-backend,0.0
portante,0.0
peter.portante,0.0
limit=0,0.0
engines,0.0
synced,0.0
drastically,0.0
installed,0.0
handles,0.0
decided,0.0
typo,0.0
resizes,0.0
bypasses,0.0
'glance-manage,0.0
on-disk,0.0
topic,0.0
combination,0.0
param,0.0
target,0.0
lvmiscsidriver,0.0
retrieve,0.0
including,0.0
containing,0.0
inject,0.0
'500,0.0
tcp_keepalive,0.0
tcp,0.0
settings,0.0
cfg,0.0
levels,0.0
consoleauth,0.0
cinder-volume,0.0
lang=c,0.0
invocations,0.0
overwrites,0.0
cloning,0.0
proposed,0.0
y,0.0
seen,0.0
san,0.0
i/o,0.0
decisions,0.0
937694,0.0
know,0.0
tgz,0.0
-ed,0.0
async,0.0
trusted_filter,0.0
execution,0.0
microseconds,0.0
'get_open_port,0.0
utils.py,0.0
p.,0.0
imagebackend,0.0
potentially,0.0
expecting,0.0
greenthreads,0.0
_run_ssh,0.0
networking,0.0
components,0.0
rejected,0.0
manually,0.0
ensures,0.0
landed,0.0
'setqos,0.0
'-io,0.0
libvirtiscsivolumedriver,0.0
'instance_type,0.0
everyone,0.0
midonet,0.0
ago,0.0
alphabetical,0.0
corrected,0.0
'shlex,0.0
cleanly,0.0
spec,0.0
considered,0.0
wiki,0.0
impl_kombu,0.0
'ovs_hybrid_plug,0.0
openstack.common.log,0.0
rework,0.0
leading,0.0
vmwareapi,0.0
strong_store,0.0
compat,0.0
specification,0.0
initializing,0.0
dependancies,0.0
limitation,0.0
leaves,0.0
leveraging,0.0
retrieving,0.0
working,0.0
brocade,0.0
requirement,0.0
remove-v3-xml-api,0.0
builder.add_devs,0.0
stashed,0.0
resource_tracker,0.0
potential,0.0
mtu,0.0
bool,0.0
allowed_start,0.0
revealing,0.0
activation,0.0
reliable,0.0
untouched,0.0
aware,0.0
conditional,0.0
increased,0.0
particularly,0.0
serializing,0.0
simultaneous,0.0
callbacks,0.0
becuase,0.0
succesful,0.0
w402,0.0
slightly,0.0
destroying,0.0
implementations,0.0
sys_meta,0.0
q-plugin,0.0
fundamental,0.0
rpcs,0.0
consumer,0.0
increases,0.0
provider,0.0
physical_network,0.0
gw_port,0.0
cinder.exception,0.0
mirror,0.0
perhaps,0.0
hits,0.0
2.14,0.0
mkisofs,0.0
sub-query,0.0
major,0.0
improvements,0.0
staging,0.0
macs,0.0
public-and-private-dns,0.0
matching,0.0
scheduler.manager,0.0
per-driver,0.0
get_vif_port_set,0.0
rebalanced,0.0
glance/__init__.py,0.0
unicode=1,0.0
'invalid,0.0
facility,0.0
perfectly,0.0
quite,0.0
datastore,0.0
blank,0.0
listening,0.0
remaining,0.0
complexity,0.0
met,0.0
10.0.0.0/24,0.0
overlapping,0.0
httprequest,0.0
assuming,0.0
instance_delete_interval,0.0
/versions,0.0
replication_server,0.0
cinder-rtstool,0.0
protections,0.0
1.2,0.0
anyone,0.0
production,0.0
dest_vg,0.0
ls_uuid,0.0
timeutils.strtime,0.0
jsonutils.to_primitive,0.0
wrapper,0.0
network_info,0.0
cidr,0.0
invalidportrange,0.0
'shutdown,0.0
firstly,0.0
uploaded,0.0
vim,0.0
configs,0.0
transport,0.0
differs,0.0
specifications,0.0
iteration,0.0
compute/api.py,0.0
obtained,0.0
get_info,0.0
approach,0.0
timing,0.0
emit,0.0
happens,0.0
drive,0.0
applying,0.0
status_int,0.0
f821,0.0
image_iterator,0.0
eventlet.wsgi,0.0
basically,0.0
1006-4094,0.0
'other-config,0.0
entities,0.0
increasing,0.0
keeps,0.0
reached,0.0
osapi_max,0.0
exits,0.0
managing,0.0
timely,0.0
glance-api-v2-image-sharing,0.0
iterating,0.0
integrate,0.0
pair,0.0
bridges,0.0
confkeymanager,0.0
rewrite,0.0
'min_count,0.0
inline,0.0
indent,0.0
implemention,0.0
integrity,0.0
api_paste_config,0.0
nova.wsgi,0.0
elsewhere,0.0
update_instance_cache_with_nw_info,0.0
create_volume,0.0
init,0.0
1224001,0.0
30s,0.0
optimize,0.0
showed,0.0
closer,0.0
.venv,0.0
jenkins,0.0
renaming,0.0
primary,0.0
setgroups,0.0
effectively,0.0
consumption,0.0
aims,0.0
machine,0.0
secs,0.0
enhance,0.0
validated,0.0
reorder,0.0
rings,0.0
foo,0.0
bar,0.0
third,0.0
section,0.0
fallback,0.0
concurrent,0.0
test_server_metadata.py,0.0
noticed,0.0
quoted,0.0
kept,0.0
new-since-1.8.0,0.0
account/container,0.0
'binary,0.0
foundation,0.0
tickpolicy='delay'/,0.0
name='rtc,0.0
tickpolicy='catchup'/,0.0
capabilites,0.0
discovered,0.0
'instance,0.0
restore_backup,0.0
v1.1,0.0
julien,0.0
character,0.0
net_id,0.0
discussion,0.0
downtime,0.0
get_backdoor_port,0.0
upgradeimpact,0.0
rpc-major-version-updates-icehouse,0.0
self,0.0
2.x,0.0
hence,0.0
platform,0.0
retained,0.0
aggregate_get_by_host,0.0
listen,0.0
encoding,0.0
bus,0.0
guess,0.0
consider,0.0
glance/,0.0
temporarily,0.0
_get_lock,0.0
throws,0.0
decorators,0.0
-online,0.0
_volume_upload_image,0.0
_lookup_by_name,0.0
services.py,0.0
get_lock,0.0
copyright,0.0
dhcp-network,0.0
release_dhcp_port,0.0
hosting,0.0
image_uploading,0.0
neutron-quota-extension,0.0
nova/compute/api.py,0.0
translate,0.0
comment,0.0
nova_url,0.0
image-uuid,0.0
hypervisor_type=xen,0.0
satisfy,0.0
quota_usages,0.0
whitespace,0.0
migrate/live-migrate,0.0
addcleanup,0.0
choice,0.0
_create_network_filters,0.0
up-to-date,0.0
moment,0.0
db-sync-models-with-migrations,0.0
install_venv,0.0
eliminates,0.0
exceeds,0.0
check_instance_state,0.0
sources,0.0
instance_list,0.0
ceilometer,0.0
dot,0.0
nexthop,0.0
vnic,0.0
coming,0.0
sec,0.0
4.4,0.0
principles,0.0
host-model,0.0
host-passthrough,0.0
desired,0.0
nova/exception,0.0
rhel,0.0
role,0.0
fixed_ip_get_by_instance,0.0
/usr/lib64/python2.7/site-packages/nova/db/sqlalchemy/api.py,0.0
s==,0.0
please,0.0
comprehensions,0.0
'check_img_metadata_quota_limit,0.0
substitution,0.0
claxton,0.0
148,0.0
strict,0.0
pop,0.0
'limit,0.0
_items,0.0
volumes.remove_invalid_options,0.0
nova-cpu,0.0
virtio-rng,0.0
hw_rng,0.0
test_ofp_server,0.0
quantum.tests.unit.ryu.test_ryu_db.ryudbtest,0.0
combine,0.0
furthermore,0.0
formula,0.0
sync_power_states,0.0
to_bytes,0.0
sr_uuid,0.0
xenstore-rm,0.0
clear_time_override,0.0
'service,0.0
joinedload,0.0
complete,0.0
_heal_instance_info_cache,0.0
re-define,0.0
re-scheduled,0.0
sees,0.0
deserialization,0.0
tunnel,0.0
shelve,0.0
guestos,0.0
soft_reboot,0.0
_pre_upgrade_,0.0
ssds,0.0
vif_driver.plug,0.0
objectcontroller,0.0
zookeeper,0.0
